Timestamp,Model Name,Task Name,User Answer Index,Success Rate (%),Error Status,Unmatched Lines,Log File Path,language
1734795014915316000,openai_gpt-4o,auto_adapt,7,1.0,No Error & Warning,[],/Users/minghe/llm4faas/experiments_repeat/repeat_functions/openai_gpt-4o_auto_adapt_7_1734795014915316000.log,ZH
1734797243457787000,openai_gpt-4o,auto_adapt,2,1.0,No Error & Warning,[],/Users/minghe/llm4faas/experiments_repeat/repeat_functions/openai_gpt-4o_auto_adapt_2_1734797243457787000.log,ZH
1734799064625377000,openai_gpt-4o,auto_adapt,3,0.8889,No Error & Warning,['Set /Actuator/Light/LivingRoom/1 light brightness level to MEDIUM || Set /Actuator/Light/LivingRoom/2 light brightness level to MEDIUM'],/Users/minghe/llm4faas/experiments_repeat/repeat_functions/openai_gpt-4o_auto_adapt_3_1734799064625377000.log,ZH
1734798367516942000,openai_gpt-4o,auto_adapt,3,0.8889,Warning Exists,['Set /Actuator/Light/LivingRoom/1 light brightness level to MEDIUM || Set /Actuator/Light/LivingRoom/2 light brightness level to MEDIUM'],/Users/minghe/llm4faas/experiments_repeat/repeat_functions/openai_gpt-4o_auto_adapt_3_1734798367516942000.log,ZH
1734797991298618000,openai_gpt-4o,auto_adapt,2,1.0,No Error & Warning,[],/Users/minghe/llm4faas/experiments_repeat/repeat_functions/openai_gpt-4o_auto_adapt_2_1734797991298618000.log,ZH
1734798052939155000,openai_gpt-4o,auto_adapt,7,1.0,No Error & Warning,[],/Users/minghe/llm4faas/experiments_repeat/repeat_functions/openai_gpt-4o_auto_adapt_7_1734798052939155000.log,ZH
1734796558508902000,openai_gpt-4o,auto_adapt,7,0.0,Error,,/Users/minghe/llm4faas/experiments_repeat/repeat_functions/openai_gpt-4o_auto_adapt_7_1734796558508902000.log,ZH
1734797304935044000,openai_gpt-4o,auto_adapt,7,1.0,No Error & Warning,[],/Users/minghe/llm4faas/experiments_repeat/repeat_functions/openai_gpt-4o_auto_adapt_7_1734797304935044000.log,ZH
1734798023756908000,openai_gpt-4o,auto_adapt,3,1.0,No Error & Warning,[],/Users/minghe/llm4faas/experiments_repeat/repeat_functions/openai_gpt-4o_auto_adapt_3_1734798023756908000.log,ZH
1734795402577472000,openai_gpt-4o,auto_adapt,3,0.8889,No Error & Warning,['Set /Actuator/Light/LivingRoom/1 light brightness level to MEDIUM || Set /Actuator/Light/LivingRoom/2 light brightness level to MEDIUM'],/Users/minghe/llm4faas/experiments_repeat/repeat_functions/openai_gpt-4o_auto_adapt_3_1734795402577472000.log,ZH
1734796921574659000,openai_gpt-4o,auto_adapt,3,0.8889,No Error & Warning,['Set /Actuator/Light/LivingRoom/1 light brightness level to MEDIUM || Set /Actuator/Light/LivingRoom/2 light brightness level to MEDIUM'],/Users/minghe/llm4faas/experiments_repeat/repeat_functions/openai_gpt-4o_auto_adapt_3_1734796921574659000.log,ZH
1734798336899127000,openai_gpt-4o,auto_adapt,2,1.0,No Error & Warning,[],/Users/minghe/llm4faas/experiments_repeat/repeat_functions/openai_gpt-4o_auto_adapt_2_1734798336899127000.log,ZH
1734794957160304000,openai_gpt-4o,auto_adapt,3,0.8889,No Error & Warning,['Set /Actuator/Light/LivingRoom/1 light brightness level to MEDIUM || Set /Actuator/Light/LivingRoom/2 light brightness level to MEDIUM'],/Users/minghe/llm4faas/experiments_repeat/repeat_functions/openai_gpt-4o_auto_adapt_3_1734794957160304000.log,ZH
1734798399876955000,openai_gpt-4o,auto_adapt,7,1.0,No Error & Warning,[],/Users/minghe/llm4faas/experiments_repeat/repeat_functions/openai_gpt-4o_auto_adapt_7_1734798399876955000.log,ZH
1734794920695071000,openai_gpt-4o,auto_adapt,2,1.0,No Error & Warning,[],/Users/minghe/llm4faas/experiments_repeat/repeat_functions/openai_gpt-4o_auto_adapt_2_1734794920695071000.log,ZH
1734796494199020000,openai_gpt-4o,auto_adapt,2,1.0,No Error & Warning,[],/Users/minghe/llm4faas/experiments_repeat/repeat_functions/openai_gpt-4o_auto_adapt_2_1734796494199020000.log,ZH
1734795453371614000,openai_gpt-4o,auto_adapt,7,1.0,No Error & Warning,[],/Users/minghe/llm4faas/experiments_repeat/repeat_functions/openai_gpt-4o_auto_adapt_7_1734795453371614000.log,ZH
1734796104971683000,openai_gpt-4o,auto_adapt,2,1.0,No Error & Warning,[],/Users/minghe/llm4faas/experiments_repeat/repeat_functions/openai_gpt-4o_auto_adapt_2_1734796104971683000.log,ZH
1734796525944284000,openai_gpt-4o,auto_adapt,3,0.8889,No Error & Warning,['Set /Actuator/Light/LivingRoom/1 light brightness level to MEDIUM || Set /Actuator/Light/LivingRoom/2 light brightness level to MEDIUM'],/Users/minghe/llm4faas/experiments_repeat/repeat_functions/openai_gpt-4o_auto_adapt_3_1734796525944284000.log,ZH
1734797272949198000,openai_gpt-4o,auto_adapt,3,0.8889,No Error & Warning,['Set /Actuator/Light/LivingRoom/1 light brightness level to MEDIUM || Set /Actuator/Light/LivingRoom/2 light brightness level to MEDIUM'],/Users/minghe/llm4faas/experiments_repeat/repeat_functions/openai_gpt-4o_auto_adapt_3_1734797272949198000.log,ZH
1734798714143925000,openai_gpt-4o,auto_adapt,3,0.8889,No Error & Warning,['Set /Actuator/Light/LivingRoom/1 light brightness level to MEDIUM || Set /Actuator/Light/LivingRoom/2 light brightness level to MEDIUM'],/Users/minghe/llm4faas/experiments_repeat/repeat_functions/openai_gpt-4o_auto_adapt_3_1734798714143925000.log,ZH
1734796139974318000,openai_gpt-4o,auto_adapt,3,0.8889,No Error & Warning,['Set /Actuator/Light/LivingRoom/1 light brightness level to MEDIUM || Set /Actuator/Light/LivingRoom/2 light brightness level to MEDIUM'],/Users/minghe/llm4faas/experiments_repeat/repeat_functions/openai_gpt-4o_auto_adapt_3_1734796139974318000.log,ZH
1734798747482795000,openai_gpt-4o,auto_adapt,7,0.0,Warning Exists,"[""'/Sensor/IndoorTemperature/LivingRoom/1' is now ON."", '/Sensor/IndoorTemperature/LivingRoom/1 reading is:', '/Actuator/AC/LivingRoom/1', ""'/Sensor/Humidity/LivingRoom/1' is now ON."", '/Sensor/Humidity/LivingRoom/1 reading is:', '/Actuator/Humidifier/LivingRoom/1', ""'/Sensor/LightIntensive/LivingRoom/1' is now ON."", '/Sensor/LightIntensive/LivingRoom/1 reading is:']",/Users/minghe/llm4faas/experiments_repeat/repeat_functions/openai_gpt-4o_auto_adapt_7_1734798747482795000.log,ZH
1734795355179007000,openai_gpt-4o,auto_adapt,2,1.0,Timeout,[],/Users/minghe/llm4faas/experiments_repeat/repeat_functions/openai_gpt-4o_auto_adapt_2_1734795355179007000.log,ZH
1734798681536219000,openai_gpt-4o,auto_adapt,2,1.0,Timeout,[],/Users/minghe/llm4faas/experiments_repeat/repeat_functions/openai_gpt-4o_auto_adapt_2_1734798681536219000.log,ZH
1734799095123761000,openai_gpt-4o,auto_adapt,7,1.0,No Error & Warning,[],/Users/minghe/llm4faas/experiments_repeat/repeat_functions/openai_gpt-4o_auto_adapt_7_1734799095123761000.log,ZH
1734796955977351000,openai_gpt-4o,auto_adapt,7,1.0,No Error & Warning,[],/Users/minghe/llm4faas/experiments_repeat/repeat_functions/openai_gpt-4o_auto_adapt_7_1734796955977351000.log,ZH
1734796887729455000,openai_gpt-4o,auto_adapt,2,1.0,No Error & Warning,[],/Users/minghe/llm4faas/experiments_repeat/repeat_functions/openai_gpt-4o_auto_adapt_2_1734796887729455000.log,ZH
1734799030910646000,openai_gpt-4o,auto_adapt,2,1.0,Warning Exists,[],/Users/minghe/llm4faas/experiments_repeat/repeat_functions/openai_gpt-4o_auto_adapt_2_1734799030910646000.log,ZH
1734796178370712000,openai_gpt-4o,auto_adapt,7,1.0,No Error & Warning,[],/Users/minghe/llm4faas/experiments_repeat/repeat_functions/openai_gpt-4o_auto_adapt_7_1734796178370712000.log,ZH
1734795507162559000,openai_gpt-4o,remote_control,2,1.0,No Error & Warning,[],/Users/minghe/llm4faas/experiments_repeat/repeat_functions/openai_gpt-4o_remote_control_2_1734795507162559000.log,ZH
1734797114243418000,openai_gpt-4o,remote_control,7,1.0,No Error & Warning,[],/Users/minghe/llm4faas/experiments_repeat/repeat_functions/openai_gpt-4o_remote_control_7_1734797114243418000.log,ZH
1734796235736852000,openai_gpt-4o,remote_control,2,1.0,No Error & Warning,[],/Users/minghe/llm4faas/experiments_repeat/repeat_functions/openai_gpt-4o_remote_control_2_1734796235736852000.log,ZH
1734795563164649000,openai_gpt-4o,remote_control,3,1.0,No Error & Warning,[],/Users/minghe/llm4faas/experiments_repeat/repeat_functions/openai_gpt-4o_remote_control_3_1734795563164649000.log,ZH
1734799150317181000,openai_gpt-4o,remote_control,2,1.0,No Error & Warning,[],/Users/minghe/llm4faas/experiments_repeat/repeat_functions/openai_gpt-4o_remote_control_2_1734799150317181000.log,ZH
1734798505337340000,openai_gpt-4o,remote_control,3,1.0,No Error & Warning,[],/Users/minghe/llm4faas/experiments_repeat/repeat_functions/openai_gpt-4o_remote_control_3_1734798505337340000.log,ZH
1734798163375820000,openai_gpt-4o,remote_control,3,1.0,No Error & Warning,[],/Users/minghe/llm4faas/experiments_repeat/repeat_functions/openai_gpt-4o_remote_control_3_1734798163375820000.log,ZH
1734796350839698000,openai_gpt-4o,remote_control,7,1.0,No Error & Warning,[],/Users/minghe/llm4faas/experiments_repeat/repeat_functions/openai_gpt-4o_remote_control_7_1734796350839698000.log,ZH
1734795176607484000,openai_gpt-4o,remote_control,7,1.0,No Error & Warning,[],/Users/minghe/llm4faas/experiments_repeat/repeat_functions/openai_gpt-4o_remote_control_7_1734795176607484000.log,ZH
1734795123395849000,openai_gpt-4o,remote_control,3,1.0,No Error & Warning,[],/Users/minghe/llm4faas/experiments_repeat/repeat_functions/openai_gpt-4o_remote_control_3_1734795123395849000.log,ZH
1734799260190586000,openai_gpt-4o,remote_control,7,1.0,No Error & Warning,[],/Users/minghe/llm4faas/experiments_repeat/repeat_functions/openai_gpt-4o_remote_control_7_1734799260190586000.log,ZH
1734798454180192000,openai_gpt-4o,remote_control,2,1.0,No Error & Warning,[],/Users/minghe/llm4faas/experiments_repeat/repeat_functions/openai_gpt-4o_remote_control_2_1734798454180192000.log,ZH
1734798908104555000,openai_gpt-4o,remote_control,7,0.0,Error,,/Users/minghe/llm4faas/experiments_repeat/repeat_functions/openai_gpt-4o_remote_control_7_1734798908104555000.log,ZH
1734798801952923000,openai_gpt-4o,remote_control,2,1.0,No Error & Warning,[],/Users/minghe/llm4faas/experiments_repeat/repeat_functions/openai_gpt-4o_remote_control_2_1734798801952923000.log,ZH
1734795617231779000,openai_gpt-4o,remote_control,7,1.0,No Error & Warning,[],/Users/minghe/llm4faas/experiments_repeat/repeat_functions/openai_gpt-4o_remote_control_7_1734795617231779000.log,ZH
1734797870154340000,openai_gpt-4o,remote_control,7,1.0,No Error & Warning,[],/Users/minghe/llm4faas/experiments_repeat/repeat_functions/openai_gpt-4o_remote_control_7_1734797870154340000.log,ZH
1734796677088335000,openai_gpt-4o,remote_control,3,1.0,No Error & Warning,[],/Users/minghe/llm4faas/experiments_repeat/repeat_functions/openai_gpt-4o_remote_control_3_1734796677088335000.log,ZH
1734795070004342000,openai_gpt-4o,remote_control,2,1.0,No Error & Warning,[],/Users/minghe/llm4faas/experiments_repeat/repeat_functions/openai_gpt-4o_remote_control_2_1734795070004342000.log,ZH
1734797759969521000,openai_gpt-4o,remote_control,2,1.0,No Error & Warning,[],/Users/minghe/llm4faas/experiments_repeat/repeat_functions/openai_gpt-4o_remote_control_2_1734797759969521000.log,ZH
1734797064885447000,openai_gpt-4o,remote_control,3,1.0,No Error & Warning,[],/Users/minghe/llm4faas/experiments_repeat/repeat_functions/openai_gpt-4o_remote_control_3_1734797064885447000.log,ZH
1734798214836621000,openai_gpt-4o,remote_control,7,1.0,No Error & Warning,[],/Users/minghe/llm4faas/experiments_repeat/repeat_functions/openai_gpt-4o_remote_control_7_1734798214836621000.log,ZH
1734797816052314000,openai_gpt-4o,remote_control,3,1.0,No Error & Warning,[],/Users/minghe/llm4faas/experiments_repeat/repeat_functions/openai_gpt-4o_remote_control_3_1734797816052314000.log,ZH
1734798108748136000,openai_gpt-4o,remote_control,2,1.0,No Error & Warning,[],/Users/minghe/llm4faas/experiments_repeat/repeat_functions/openai_gpt-4o_remote_control_2_1734798108748136000.log,ZH
1734798855096061000,openai_gpt-4o,remote_control,3,1.0,No Error & Warning,[],/Users/minghe/llm4faas/experiments_repeat/repeat_functions/openai_gpt-4o_remote_control_3_1734798855096061000.log,ZH
1734798556753289000,openai_gpt-4o,remote_control,7,1.0,No Error & Warning,[],/Users/minghe/llm4faas/experiments_repeat/repeat_functions/openai_gpt-4o_remote_control_7_1734798556753289000.log,ZH
1734796728292730000,openai_gpt-4o,remote_control,7,1.0,No Error & Warning,[],/Users/minghe/llm4faas/experiments_repeat/repeat_functions/openai_gpt-4o_remote_control_7_1734796728292730000.log,ZH
1734796297978080000,openai_gpt-4o,remote_control,3,1.0,No Error & Warning,[],/Users/minghe/llm4faas/experiments_repeat/repeat_functions/openai_gpt-4o_remote_control_3_1734796297978080000.log,ZH
1734799205954420000,openai_gpt-4o,remote_control,3,1.0,No Error & Warning,[],/Users/minghe/llm4faas/experiments_repeat/repeat_functions/openai_gpt-4o_remote_control_3_1734799205954420000.log,ZH
1734797010296918000,openai_gpt-4o,remote_control,2,1.0,No Error & Warning,[],/Users/minghe/llm4faas/experiments_repeat/repeat_functions/openai_gpt-4o_remote_control_2_1734797010296918000.log,ZH
1734796620562202000,openai_gpt-4o,remote_control,2,1.0,No Error & Warning,[],/Users/minghe/llm4faas/experiments_repeat/repeat_functions/openai_gpt-4o_remote_control_2_1734796620562202000.log,ZH
1734797899168911000,openai_gpt-4o,plan,3,1.0,No Error & Warning,[],/Users/minghe/llm4faas/experiments_repeat/repeat_functions/openai_gpt-4o_plan_3_1734797899168911000.log,ZH
1734798937120687000,openai_gpt-4o,plan,3,1.0,No Error & Warning,[],/Users/minghe/llm4faas/experiments_repeat/repeat_functions/openai_gpt-4o_plan_3_1734798937120687000.log,ZH
1734796795947215000,openai_gpt-4o,plan,7,0.0,Error,,/Users/minghe/llm4faas/experiments_repeat/repeat_functions/openai_gpt-4o_plan_7_1734796795947215000.log,ZH
1734796035047956000,openai_gpt-4o,plan,7,0.45,No Error & Warning,"['/Actuator/Light/Bedroom/1 is turned off.', '/Actuator/Light/Bedroom/2 is turned off.', '/Actuator/Light/Kitchen/1 is turned off.', '/Actuator/Light/Bathroom/1 is turned off.', '/Actuator/SmartSocket/Bedroom/1 is turned off.', '/Actuator/SmartSocket/Bedroom/2 is turned off.', '/Actuator/SmartSocket/Kitchen/1 is turned off.', '/Actuator/SmartSocket/Kitchen/2 is turned off.', '/Actuator/SmartSocket/Kitchen/3 is turned off.', '/Actuator/SmartSocket/Bathroom/1 is turned off.', '/Actuator/SmartSocket/Bathroom/2 is turned off.']",/Users/minghe/llm4faas/experiments_repeat/repeat_functions/openai_gpt-4o_plan_7_1734796035047956000.log,ZH
1734798306747093000,openai_gpt-4o,plan,2,0.85,No Error & Warning,"['/Actuator/CoffeeMachine/Kitchen/1', 'Lock the door /Actuator/Door/LivingRoom/1.', '/Actuator/SmartSocket/Kitchen/1 is turned off. || /Actuator/SmartSocket/Kitchen/2 is turned off. || /Actuator/SmartSocket/Kitchen/3 is turned off.']",/Users/minghe/llm4faas/experiments_repeat/repeat_functions/openai_gpt-4o_plan_2_1734798306747093000.log,ZH
1734798586654285000,openai_gpt-4o,plan,3,1.0,No Error & Warning,[],/Users/minghe/llm4faas/experiments_repeat/repeat_functions/openai_gpt-4o_plan_3_1734798586654285000.log,ZH
1734798244122709000,openai_gpt-4o,plan,3,1.0,No Error & Warning,[],/Users/minghe/llm4faas/experiments_repeat/repeat_functions/openai_gpt-4o_plan_3_1734798244122709000.log,ZH
1734796758258773000,openai_gpt-4o,plan,3,0.8889,No Error & Warning,['/Actuator/SmartTV/LivingRoom/1'],/Users/minghe/llm4faas/experiments_repeat/repeat_functions/openai_gpt-4o_plan_3_1734796758258773000.log,ZH
1734796418269046000,openai_gpt-4o,plan,7,0.05,Timeout,"['/Actuator/CoffeeMachine/Kitchen/1', 'Lock the door /Actuator/Door/LivingRoom/1. || Lock the door /Actuator/Door/Bedroom/1. || Lock the door /Actuator/Door/Kitchen/1. || Lock the door /Actuator/Door/Bathroom/1. || Lock the door /Actuator/Door/Balcony/1.', '/Actuator/Light/LivingRoom/1 is turned off.', '/Actuator/Light/LivingRoom/2 is turned off.', '/Actuator/Light/Bedroom/1 is turned off.', '/Actuator/Light/Bedroom/2 is turned off.', '/Actuator/Light/Kitchen/1 is turned off.', '/Actuator/Light/Bathroom/1 is turned off.', '/Actuator/SmartSocket/LivingRoom/1 is turned off.', '/Actuator/SmartSocket/LivingRoom/2 is turned off.', '/Actuator/SmartSocket/Bedroom/1 is turned off.', '/Actuator/SmartSocket/Bedroom/2 is turned off.', '/Actuator/SmartSocket/Kitchen/1 is turned off.', '/Actuator/SmartSocket/Kitchen/2 is turned off.', '/Actuator/SmartSocket/Kitchen/3 is turned off.', '/Actuator/SmartSocket/Bathroom/1 is turned off.', '/Actuator/SmartSocket/Bathroom/2 is turned off.', '/Actuator/Curtain/LivingRoom/1 || /Actuator/Curtain/Bedroom/1', 'Set /Actuator/Light/LivingRoom/1 light brightness level to LOW || Set /Actuator/Light/LivingRoom/2 light brightness level to LOW']",/Users/minghe/llm4faas/experiments_repeat/repeat_functions/openai_gpt-4o_plan_7_1734796418269046000.log,ZH
1734798651168406000,openai_gpt-4o,plan,2,0.0,Error,,/Users/minghe/llm4faas/experiments_repeat/repeat_functions/openai_gpt-4o_plan_2_1734798651168406000.log,ZH
1734798968613929000,openai_gpt-4o,plan,7,1.0,No Error & Warning,[],/Users/minghe/llm4faas/experiments_repeat/repeat_functions/openai_gpt-4o_plan_7_1734798968613929000.log,ZH
1734795310344467000,openai_gpt-4o,plan,2,0.95,No Error & Warning,['Lock the door /Actuator/Door/LivingRoom/1.'],/Users/minghe/llm4faas/experiments_repeat/repeat_functions/openai_gpt-4o_plan_2_1734795310344467000.log,ZH
1734798621563066000,openai_gpt-4o,plan,7,1.0,No Error & Warning,[],/Users/minghe/llm4faas/experiments_repeat/repeat_functions/openai_gpt-4o_plan_7_1734798621563066000.log,ZH
1734794793341056000,openai_gpt-4o,plan,3,1.0,No Error & Warning,[],/Users/minghe/llm4faas/experiments_repeat/repeat_functions/openai_gpt-4o_plan_3_1734794793341056000.log,ZH
1734797961388986000,openai_gpt-4o,plan,2,0.95,No Error & Warning,['Lock the door /Actuator/Door/LivingRoom/1.'],/Users/minghe/llm4faas/experiments_repeat/repeat_functions/openai_gpt-4o_plan_2_1734797961388986000.log,ZH
1734796462460005000,openai_gpt-4o,plan,2,1.0,No Error & Warning,[],/Users/minghe/llm4faas/experiments_repeat/repeat_functions/openai_gpt-4o_plan_2_1734796462460005000.log,ZH
1734795989581122000,openai_gpt-4o,plan,3,0.8889,No Error & Warning,['/Actuator/SmartTV/LivingRoom/1'],/Users/minghe/llm4faas/experiments_repeat/repeat_functions/openai_gpt-4o_plan_3_1734795989581122000.log,ZH
1734797176804218000,openai_gpt-4o,plan,7,0.4,No Error & Warning,"['/Actuator/CoffeeMachine/Kitchen/1', '/Actuator/Light/Bedroom/1 is turned off.', '/Actuator/Light/Bedroom/2 is turned off.', '/Actuator/Light/Kitchen/1 is turned off.', '/Actuator/Light/Bathroom/1 is turned off.', '/Actuator/SmartSocket/Bedroom/1 is turned off.', '/Actuator/SmartSocket/Bedroom/2 is turned off.', '/Actuator/SmartSocket/Kitchen/1 is turned off.', '/Actuator/SmartSocket/Kitchen/2 is turned off.', '/Actuator/SmartSocket/Kitchen/3 is turned off.', '/Actuator/SmartSocket/Bathroom/1 is turned off.', '/Actuator/SmartSocket/Bathroom/2 is turned off.']",/Users/minghe/llm4faas/experiments_repeat/repeat_functions/openai_gpt-4o_plan_7_1734797176804218000.log,ZH
1734796854546802000,openai_gpt-4o,plan,2,0.95,No Error & Warning,['Lock the door /Actuator/Door/LivingRoom/1.'],/Users/minghe/llm4faas/experiments_repeat/repeat_functions/openai_gpt-4o_plan_2_1734796854546802000.log,ZH
1734796381688580000,openai_gpt-4o,plan,3,1.0,No Error & Warning,[],/Users/minghe/llm4faas/experiments_repeat/repeat_functions/openai_gpt-4o_plan_3_1734796381688580000.log,ZH
1734797932004594000,openai_gpt-4o,plan,7,0.0,Timeout,"['/Actuator/MusicPlayer/LivingRoom/1 is turned on. || /Actuator/MusicPlayer/Bedroom/1 is turned on.', '/Actuator/CoffeeMachine/Kitchen/1', 'Lock the door /Actuator/Door/LivingRoom/1. || Lock the door /Actuator/Door/Bedroom/1. || Lock the door /Actuator/Door/Kitchen/1. || Lock the door /Actuator/Door/Bathroom/1. || Lock the door /Actuator/Door/Balcony/1.', '/Actuator/Light/LivingRoom/1 is turned off.', '/Actuator/Light/LivingRoom/2 is turned off.', '/Actuator/Light/Bedroom/1 is turned off.', '/Actuator/Light/Bedroom/2 is turned off.', '/Actuator/Light/Kitchen/1 is turned off.', '/Actuator/Light/Bathroom/1 is turned off.', '/Actuator/SmartSocket/LivingRoom/1 is turned off.', '/Actuator/SmartSocket/LivingRoom/2 is turned off.', '/Actuator/SmartSocket/Bedroom/1 is turned off.', '/Actuator/SmartSocket/Bedroom/2 is turned off.', '/Actuator/SmartSocket/Kitchen/1 is turned off.', '/Actuator/SmartSocket/Kitchen/2 is turned off.', '/Actuator/SmartSocket/Kitchen/3 is turned off.', '/Actuator/SmartSocket/Bathroom/1 is turned off.', '/Actuator/SmartSocket/Bathroom/2 is turned off.', '/Actuator/Curtain/LivingRoom/1 || /Actuator/Curtain/Bedroom/1', 'Set /Actuator/Light/LivingRoom/1 light brightness level to LOW || Set /Actuator/Light/LivingRoom/2 light brightness level to LOW']",/Users/minghe/llm4faas/experiments_repeat/repeat_functions/openai_gpt-4o_plan_7_1734797932004594000.log,ZH
1734795214497145000,openai_gpt-4o,plan,3,1.0,No Error & Warning,[],/Users/minghe/llm4faas/experiments_repeat/repeat_functions/openai_gpt-4o_plan_3_1734795214497145000.log,ZH
1734794879910977000,openai_gpt-4o,plan,2,0.9,No Error & Warning,"['Lock the door /Actuator/Door/LivingRoom/1.', '/Actuator/SmartSocket/Kitchen/1 is turned off. || /Actuator/SmartSocket/Kitchen/2 is turned off. || /Actuator/SmartSocket/Kitchen/3 is turned off.']",/Users/minghe/llm4faas/experiments_repeat/repeat_functions/openai_gpt-4o_plan_2_1734794879910977000.log,ZH
1734798998253390000,openai_gpt-4o,plan,2,0.95,No Error & Warning,['Lock the door /Actuator/Door/LivingRoom/1.'],/Users/minghe/llm4faas/experiments_repeat/repeat_functions/openai_gpt-4o_plan_2_1734798998253390000.log,ZH
1734797209871378000,openai_gpt-4o,plan,2,1.0,No Error & Warning,[],/Users/minghe/llm4faas/experiments_repeat/repeat_functions/openai_gpt-4o_plan_2_1734797209871378000.log,ZH
1734797141783812000,openai_gpt-4o,plan,3,1.0,No Error & Warning,[],/Users/minghe/llm4faas/experiments_repeat/repeat_functions/openai_gpt-4o_plan_3_1734797141783812000.log,ZH
1734795269897335000,openai_gpt-4o,plan,7,0.0,Timeout,"['/Actuator/MusicPlayer/LivingRoom/1 is turned on. || /Actuator/MusicPlayer/Bedroom/1 is turned on.', '/Actuator/CoffeeMachine/Kitchen/1', 'Lock the door /Actuator/Door/LivingRoom/1. || Lock the door /Actuator/Door/Bedroom/1. || Lock the door /Actuator/Door/Kitchen/1. || Lock the door /Actuator/Door/Bathroom/1. || Lock the door /Actuator/Door/Balcony/1.', '/Actuator/Light/LivingRoom/1 is turned off.', '/Actuator/Light/LivingRoom/2 is turned off.', '/Actuator/Light/Bedroom/1 is turned off.', '/Actuator/Light/Bedroom/2 is turned off.', '/Actuator/Light/Kitchen/1 is turned off.', '/Actuator/Light/Bathroom/1 is turned off.', '/Actuator/SmartSocket/LivingRoom/1 is turned off.', '/Actuator/SmartSocket/LivingRoom/2 is turned off.', '/Actuator/SmartSocket/Bedroom/1 is turned off.', '/Actuator/SmartSocket/Bedroom/2 is turned off.', '/Actuator/SmartSocket/Kitchen/1 is turned off.', '/Actuator/SmartSocket/Kitchen/2 is turned off.', '/Actuator/SmartSocket/Kitchen/3 is turned off.', '/Actuator/SmartSocket/Bathroom/1 is turned off.', '/Actuator/SmartSocket/Bathroom/2 is turned off.', '/Actuator/Curtain/LivingRoom/1 || /Actuator/Curtain/Bedroom/1', 'Set /Actuator/Light/LivingRoom/1 light brightness level to LOW || Set /Actuator/Light/LivingRoom/2 light brightness level to LOW']",/Users/minghe/llm4faas/experiments_repeat/repeat_functions/openai_gpt-4o_plan_7_1734795269897335000.log,ZH
1734794835697321000,openai_gpt-4o,plan,7,0.45,No Error & Warning,"['/Actuator/Light/Bedroom/1 is turned off.', '/Actuator/Light/Bedroom/2 is turned off.', '/Actuator/Light/Kitchen/1 is turned off.', '/Actuator/Light/Bathroom/1 is turned off.', '/Actuator/SmartSocket/Bedroom/1 is turned off.', '/Actuator/SmartSocket/Bedroom/2 is turned off.', '/Actuator/SmartSocket/Kitchen/1 is turned off.', '/Actuator/SmartSocket/Kitchen/2 is turned off.', '/Actuator/SmartSocket/Kitchen/3 is turned off.', '/Actuator/SmartSocket/Bathroom/1 is turned off.', '/Actuator/SmartSocket/Bathroom/2 is turned off.']",/Users/minghe/llm4faas/experiments_repeat/repeat_functions/openai_gpt-4o_plan_7_1734794835697321000.log,ZH
1734796071311351000,openai_gpt-4o,plan,2,0.2,No Error & Warning,"['/Actuator/Light/LivingRoom/1 is turned off.', '/Actuator/Light/LivingRoom/2 is turned off.', '/Actuator/Light/Bedroom/1 is turned off.', '/Actuator/Light/Bedroom/2 is turned off.', '/Actuator/Light/Kitchen/1 is turned off.', '/Actuator/Light/Bathroom/1 is turned off.', 'Lock the door /Actuator/Door/LivingRoom/1.', '/Actuator/SmartSocket/LivingRoom/1 is turned off.', '/Actuator/SmartSocket/LivingRoom/2 is turned off.', '/Actuator/SmartSocket/Bedroom/1 is turned off.', '/Actuator/SmartSocket/Bedroom/2 is turned off.', '/Actuator/SmartSocket/Kitchen/1 is turned off. || /Actuator/SmartSocket/Kitchen/2 is turned off. || /Actuator/SmartSocket/Kitchen/3 is turned off.', '/Actuator/SmartSocket/Bathroom/1 is turned off.', '/Actuator/SmartSocket/Bathroom/2 is turned off.', 'Set /Actuator/Light/LivingRoom/1 light brightness level to LOW || Set /Actuator/Light/LivingRoom/2 light brightness level to LOW', '/Actuator/SmartTV/LivingRoom/1']",/Users/minghe/llm4faas/experiments_repeat/repeat_functions/openai_gpt-4o_plan_2_1734796071311351000.log,ZH
1734798276994142000,openai_gpt-4o,plan,7,1.0,No Error & Warning,[],/Users/minghe/llm4faas/experiments_repeat/repeat_functions/openai_gpt-4o_plan_7_1734798276994142000.log,ZH
1734796586551085000,openai_gpt-4o,energy_control,2,0.3333,Warning Exists,"['/Sensor/LightIntensive/LivingRoom/1 reading is || /Sensor/LightIntensive/Bedroom/1 reading is', '/Actuator/AC/Bedroom/1 || /Actuator/AC/LivingRoom/1', '/Actuator/Window/Bedroom/1 is turned off. || /Actuator/Window/LivingRoom/1 is turned off. || /Actuator/Window/LivingRoom/2 is turned off.', '/Actuator/Light/ || Set /Actuator/Light/']",/Users/minghe/llm4faas/experiments_repeat/repeat_functions/openai_gpt-4o_energy_control_2_1734796586551085000.log,ZH
1734798081716768000,openai_gpt-4o,energy_control,2,0.8333,No Error & Warning,['/Actuator/Window/Bedroom/1 is turned off. || /Actuator/Window/LivingRoom/1 is turned off. || /Actuator/Window/LivingRoom/2 is turned off.'],/Users/minghe/llm4faas/experiments_repeat/repeat_functions/openai_gpt-4o_energy_control_2_1734798081716768000.log,ZH
1734799234390977000,openai_gpt-4o,energy_control,3,1.0,No Error & Warning,[],/Users/minghe/llm4faas/experiments_repeat/repeat_functions/openai_gpt-4o_energy_control_3_1734799234390977000.log,ZH
1734795150609028000,openai_gpt-4o,energy_control,3,1.0,No Error & Warning,[],/Users/minghe/llm4faas/experiments_repeat/repeat_functions/openai_gpt-4o_energy_control_3_1734795150609028000.log,ZH
1734796267880799000,openai_gpt-4o,energy_control,7,0.25,No Error & Warning,"['/Sensor/OutdoorTemperature/Balcony/1 reading is:', '/Actuator/Door/LivingRoom/1 is turned off. || /Actuator/Door/Bedroom/1 is turned off. || /Actuator/Door/Kitchen/1 is turned off. || /Actuator/Door/Bathroom/1 is turned off. || /Actuator/Door/Balcony/1 is turned off.', '/Actuator/Window/LivingRoom/1 is turned off. || /Actuator/Window/LivingRoom/2 is turned off. || /Actuator/Window/Bedroom/1 is turned off. || /Actuator/Window/Kitchen/1 is turned off. || /Actuator/Window/Bathroom/1 is turned off.']",/Users/minghe/llm4faas/experiments_repeat/repeat_functions/openai_gpt-4o_energy_control_7_1734796267880799000.log,ZH
1734798138137539000,openai_gpt-4o,energy_control,7,0.0,Error,,/Users/minghe/llm4faas/experiments_repeat/repeat_functions/openai_gpt-4o_energy_control_7_1734798138137539000.log,ZH
1734796702579093000,openai_gpt-4o,energy_control,3,0.0,Error,,/Users/minghe/llm4faas/experiments_repeat/repeat_functions/openai_gpt-4o_energy_control_3_1734796702579093000.log,ZH
1734799180833037000,openai_gpt-4o,energy_control,7,0.0,Error,,/Users/minghe/llm4faas/experiments_repeat/repeat_functions/openai_gpt-4o_energy_control_7_1734799180833037000.log,ZH
1734797040308690000,openai_gpt-4o,energy_control,7,0.5,No Error & Warning,"['/Actuator/Door/LivingRoom/1 is turned off. || /Actuator/Door/Bedroom/1 is turned off. || /Actuator/Door/Kitchen/1 is turned off. || /Actuator/Door/Bathroom/1 is turned off. || /Actuator/Door/Balcony/1 is turned off.', '/Actuator/Window/LivingRoom/1 is turned off. || /Actuator/Window/LivingRoom/2 is turned off. || /Actuator/Window/Bedroom/1 is turned off. || /Actuator/Window/Kitchen/1 is turned off. || /Actuator/Window/Bathroom/1 is turned off.']",/Users/minghe/llm4faas/experiments_repeat/repeat_functions/openai_gpt-4o_energy_control_7_1734797040308690000.log,ZH
1734799124512777000,openai_gpt-4o,energy_control,2,1.0,No Error & Warning,[],/Users/minghe/llm4faas/experiments_repeat/repeat_functions/openai_gpt-4o_energy_control_2_1734799124512777000.log,ZH
1734797788490644000,openai_gpt-4o,energy_control,7,0.25,No Error & Warning,"['/Sensor/OutdoorTemperature/Balcony/1 reading is:', '/Actuator/Door/LivingRoom/1 is turned off. || /Actuator/Door/Bedroom/1 is turned off. || /Actuator/Door/Kitchen/1 is turned off. || /Actuator/Door/Bathroom/1 is turned off. || /Actuator/Door/Balcony/1 is turned off.', '/Actuator/Window/LivingRoom/1 is turned off. || /Actuator/Window/LivingRoom/2 is turned off. || /Actuator/Window/Bedroom/1 is turned off. || /Actuator/Window/Kitchen/1 is turned off. || /Actuator/Window/Bathroom/1 is turned off.']",/Users/minghe/llm4faas/experiments_repeat/repeat_functions/openai_gpt-4o_energy_control_7_1734797788490644000.log,ZH
1734795098004486000,openai_gpt-4o,energy_control,7,1.0,No Error & Warning,[],/Users/minghe/llm4faas/experiments_repeat/repeat_functions/openai_gpt-4o_energy_control_7_1734795098004486000.log,ZH
1734795590811810000,openai_gpt-4o,energy_control,3,1.0,No Error & Warning,[],/Users/minghe/llm4faas/experiments_repeat/repeat_functions/openai_gpt-4o_energy_control_3_1734795590811810000.log,ZH
1734795481048683000,openai_gpt-4o,energy_control,2,1.0,Warning Exists,[],/Users/minghe/llm4faas/experiments_repeat/repeat_functions/openai_gpt-4o_energy_control_2_1734795481048683000.log,ZH
1734796650595076000,openai_gpt-4o,energy_control,7,0.75,No Error & Warning,['/Sensor/OutdoorTemperature/Balcony/1 reading is:'],/Users/minghe/llm4faas/experiments_repeat/repeat_functions/openai_gpt-4o_energy_control_7_1734796650595076000.log,ZH
1734798530391341000,openai_gpt-4o,energy_control,3,1.0,No Error & Warning,[],/Users/minghe/llm4faas/experiments_repeat/repeat_functions/openai_gpt-4o_energy_control_3_1734798530391341000.log,ZH
1734798776126940000,openai_gpt-4o,energy_control,2,0.0,Error,,/Users/minghe/llm4faas/experiments_repeat/repeat_functions/openai_gpt-4o_energy_control_2_1734798776126940000.log,ZH
1734797731747828000,openai_gpt-4o,energy_control,2,1.0,No Error & Warning,[],/Users/minghe/llm4faas/experiments_repeat/repeat_functions/openai_gpt-4o_energy_control_2_1734797731747828000.log,ZH
1734798480904143000,openai_gpt-4o,energy_control,7,0.25,No Error & Warning,"['/Sensor/OutdoorTemperature/Balcony/1 reading is:', '/Actuator/Door/LivingRoom/1 is turned off. || /Actuator/Door/Bedroom/1 is turned off. || /Actuator/Door/Kitchen/1 is turned off. || /Actuator/Door/Bathroom/1 is turned off. || /Actuator/Door/Balcony/1 is turned off.', '/Actuator/Window/LivingRoom/1 is turned off. || /Actuator/Window/LivingRoom/2 is turned off. || /Actuator/Window/Bedroom/1 is turned off. || /Actuator/Window/Kitchen/1 is turned off. || /Actuator/Window/Bathroom/1 is turned off.']",/Users/minghe/llm4faas/experiments_repeat/repeat_functions/openai_gpt-4o_energy_control_7_1734798480904143000.log,ZH
1734796325747485000,openai_gpt-4o,energy_control,3,1.0,No Error & Warning,[],/Users/minghe/llm4faas/experiments_repeat/repeat_functions/openai_gpt-4o_energy_control_3_1734796325747485000.log,ZH
1734796983431668000,openai_gpt-4o,energy_control,2,0.8333,Warning Exists,['/Actuator/Window/Bedroom/1 is turned off. || /Actuator/Window/LivingRoom/1 is turned off. || /Actuator/Window/LivingRoom/2 is turned off.'],/Users/minghe/llm4faas/experiments_repeat/repeat_functions/openai_gpt-4o_energy_control_2_1734796983431668000.log,ZH
1734797845270950000,openai_gpt-4o,energy_control,3,1.0,No Error & Warning,[],/Users/minghe/llm4faas/experiments_repeat/repeat_functions/openai_gpt-4o_energy_control_3_1734797845270950000.log,ZH
1734798428146300000,openai_gpt-4o,energy_control,2,0.5,No Error & Warning,"['/Sensor/LightIntensive/LivingRoom/1 reading is || /Sensor/LightIntensive/Bedroom/1 reading is', '/Actuator/Window/Bedroom/1 is turned off. || /Actuator/Window/LivingRoom/1 is turned off. || /Actuator/Window/LivingRoom/2 is turned off.', '/Actuator/Light/ || Set /Actuator/Light/']",/Users/minghe/llm4faas/experiments_repeat/repeat_functions/openai_gpt-4o_energy_control_2_1734798428146300000.log,ZH
1734797089856955000,openai_gpt-4o,energy_control,3,1.0,No Error & Warning,[],/Users/minghe/llm4faas/experiments_repeat/repeat_functions/openai_gpt-4o_energy_control_3_1734797089856955000.log,ZH
1734795537056390000,openai_gpt-4o,energy_control,7,0.25,Warning Exists,"['/Sensor/OutdoorTemperature/Balcony/1 reading is:', '/Actuator/Door/LivingRoom/1 is turned off. || /Actuator/Door/Bedroom/1 is turned off. || /Actuator/Door/Kitchen/1 is turned off. || /Actuator/Door/Bathroom/1 is turned off. || /Actuator/Door/Balcony/1 is turned off.', '/Actuator/Window/LivingRoom/1 is turned off. || /Actuator/Window/LivingRoom/2 is turned off. || /Actuator/Window/Bedroom/1 is turned off. || /Actuator/Window/Kitchen/1 is turned off. || /Actuator/Window/Bathroom/1 is turned off.']",/Users/minghe/llm4faas/experiments_repeat/repeat_functions/openai_gpt-4o_energy_control_7_1734795537056390000.log,ZH
1734796207539900000,openai_gpt-4o,energy_control,2,1.0,No Error & Warning,[],/Users/minghe/llm4faas/experiments_repeat/repeat_functions/openai_gpt-4o_energy_control_2_1734796207539900000.log,ZH
1734798189174669000,openai_gpt-4o,energy_control,3,1.0,No Error & Warning,[],/Users/minghe/llm4faas/experiments_repeat/repeat_functions/openai_gpt-4o_energy_control_3_1734798189174669000.log,ZH
1734798830215528000,openai_gpt-4o,energy_control,7,0.25,Warning Exists,"['/Sensor/OutdoorTemperature/Balcony/1 reading is:', '/Actuator/Door/LivingRoom/1 is turned off. || /Actuator/Door/Bedroom/1 is turned off. || /Actuator/Door/Kitchen/1 is turned off. || /Actuator/Door/Bathroom/1 is turned off. || /Actuator/Door/Balcony/1 is turned off.', '/Actuator/Window/LivingRoom/1 is turned off. || /Actuator/Window/LivingRoom/2 is turned off. || /Actuator/Window/Bedroom/1 is turned off. || /Actuator/Window/Kitchen/1 is turned off. || /Actuator/Window/Bathroom/1 is turned off.']",/Users/minghe/llm4faas/experiments_repeat/repeat_functions/openai_gpt-4o_energy_control_7_1734798830215528000.log,ZH
1734795041742021000,openai_gpt-4o,energy_control,2,0.6667,Warning Exists,"['/Sensor/LightIntensive/LivingRoom/1 reading is || /Sensor/LightIntensive/Bedroom/1 reading is', '/Actuator/Light/ || Set /Actuator/Light/']",/Users/minghe/llm4faas/experiments_repeat/repeat_functions/openai_gpt-4o_energy_control_2_1734795041742021000.log,ZH
1734798882642429000,openai_gpt-4o,energy_control,3,1.0,No Error & Warning,[],/Users/minghe/llm4faas/experiments_repeat/repeat_functions/openai_gpt-4o_energy_control_3_1734798882642429000.log,ZH
1737409552061039000,openai_gpt-4o-mini,auto_adapt,7,0.0,Error,,/Users/minghe/llm4faas/experiments_repeat/repeat_functions_4o-mini/openai_gpt-4o-mini_auto_adapt_7_1737409552061039000.log,ZH
1737407708332363000,openai_gpt-4o-mini,auto_adapt,7,0.0,Warning Exists,"[""'/Sensor/IndoorTemperature/LivingRoom/1' is now ON."", '/Sensor/IndoorTemperature/LivingRoom/1 reading is:', '/Actuator/AC/LivingRoom/1', ""'/Sensor/Humidity/LivingRoom/1' is now ON."", '/Sensor/Humidity/LivingRoom/1 reading is:', '/Actuator/Humidifier/LivingRoom/1', ""'/Sensor/LightIntensive/LivingRoom/1' is now ON."", '/Sensor/LightIntensive/LivingRoom/1 reading is:']",/Users/minghe/llm4faas/experiments_repeat/repeat_functions_4o-mini/openai_gpt-4o-mini_auto_adapt_7_1737407708332363000.log,ZH
1737410609110525000,openai_gpt-4o-mini,auto_adapt,2,0.0,Warning Exists,"[""'/Sensor/IndoorTemperature/LivingRoom/1' is now ON."", '/Sensor/IndoorTemperature/LivingRoom/1 reading is:', '/Actuator/AC/LivingRoom/1 is turned on.', '/Actuator/Window/LivingRoom/1 is turned off.', '/Actuator/Window/LivingRoom/2 is turned off.', ""'/Sensor/Humidity/LivingRoom/1' is now ON."", '/Sensor/Humidity/LivingRoom/1 reading is:', '/Actuator/Humidifier/LivingRoom/1', ""'/Sensor/LightIntensive/LivingRoom/1' is now ON."", '/Sensor/LightIntensive/LivingRoom/1 reading is:', '/Actuator/Light/LivingRoom/1 || /Actuator/Light/LivingRoom/2']",/Users/minghe/llm4faas/experiments_repeat/repeat_functions_4o-mini/openai_gpt-4o-mini_auto_adapt_2_1737410609110525000.log,ZH
1737409896658778000,openai_gpt-4o-mini,auto_adapt,3,0.7778,No Error & Warning,"['/Actuator/Heater/LivingRoom/1 is || /Actuator/AC/LivingRoom/1 is', 'Set /Actuator/Light/LivingRoom/1 light brightness level to MEDIUM || Set /Actuator/Light/LivingRoom/2 light brightness level to MEDIUM']",/Users/minghe/llm4faas/experiments_repeat/repeat_functions_4o-mini/openai_gpt-4o-mini_auto_adapt_3_1737409896658778000.log,ZH
1737408073727346000,openai_gpt-4o-mini,auto_adapt,7,0.0,No Error & Warning,"[""'/Sensor/IndoorTemperature/LivingRoom/1' is now ON."", '/Sensor/IndoorTemperature/LivingRoom/1 reading is:', '/Actuator/AC/LivingRoom/1', ""'/Sensor/Humidity/LivingRoom/1' is now ON."", '/Sensor/Humidity/LivingRoom/1 reading is:', '/Actuator/Humidifier/LivingRoom/1', ""'/Sensor/LightIntensive/LivingRoom/1' is now ON."", '/Sensor/LightIntensive/LivingRoom/1 reading is:']",/Users/minghe/llm4faas/experiments_repeat/repeat_functions_4o-mini/openai_gpt-4o-mini_auto_adapt_7_1737408073727346000.log,ZH
1737410642266359000,openai_gpt-4o-mini,auto_adapt,3,0.0,Error,,/Users/minghe/llm4faas/experiments_repeat/repeat_functions_4o-mini/openai_gpt-4o-mini_auto_adapt_3_1737410642266359000.log,ZH
1737409150901816000,openai_gpt-4o-mini,auto_adapt,3,0.8889,Warning Exists,['Set /Actuator/Light/LivingRoom/1 light brightness level to MEDIUM || Set /Actuator/Light/LivingRoom/2 light brightness level to MEDIUM'],/Users/minghe/llm4faas/experiments_repeat/repeat_functions_4o-mini/openai_gpt-4o-mini_auto_adapt_3_1737409150901816000.log,ZH
1737408744880986000,openai_gpt-4o-mini,auto_adapt,2,0.0,Warning Exists,"[""'/Sensor/IndoorTemperature/LivingRoom/1' is now ON."", '/Sensor/IndoorTemperature/LivingRoom/1 reading is:', '/Actuator/AC/LivingRoom/1 is turned on.', '/Actuator/Window/LivingRoom/1 is turned off.', '/Actuator/Window/LivingRoom/2 is turned off.', ""'/Sensor/Humidity/LivingRoom/1' is now ON."", '/Sensor/Humidity/LivingRoom/1 reading is:', '/Actuator/Humidifier/LivingRoom/1', ""'/Sensor/LightIntensive/LivingRoom/1' is now ON."", '/Sensor/LightIntensive/LivingRoom/1 reading is:', '/Actuator/Light/LivingRoom/1 || /Actuator/Light/LivingRoom/2']",/Users/minghe/llm4faas/experiments_repeat/repeat_functions_4o-mini/openai_gpt-4o-mini_auto_adapt_2_1737408744880986000.log,ZH
1737409181008714000,openai_gpt-4o-mini,auto_adapt,7,0.875,No Error & Warning,['/Actuator/AC/LivingRoom/1'],/Users/minghe/llm4faas/experiments_repeat/repeat_functions_4o-mini/openai_gpt-4o-mini_auto_adapt_7_1737409181008714000.log,ZH
1737407287440709000,openai_gpt-4o-mini,auto_adapt,3,0.0,Warning Exists,"[""'/Sensor/IndoorTemperature/LivingRoom/1' is now ON."", '/Sensor/IndoorTemperature/LivingRoom/1 reading is:', '/Actuator/Heater/LivingRoom/1 is || /Actuator/AC/LivingRoom/1 is', ""'/Sensor/Humidity/LivingRoom/1' is now ON."", '/Sensor/Humidity/LivingRoom/1 reading is:', '/Actuator/Humidifier/LivingRoom/1', ""'/Sensor/LightIntensive/LivingRoom/1' is now ON."", '/Sensor/LightIntensive/LivingRoom/1 reading is:', 'Set /Actuator/Light/LivingRoom/1 light brightness level to MEDIUM || Set /Actuator/Light/LivingRoom/2 light brightness level to MEDIUM']",/Users/minghe/llm4faas/experiments_repeat/repeat_functions_4o-mini/openai_gpt-4o-mini_auto_adapt_3_1737407287440709000.log,ZH
1737409484180684000,openai_gpt-4o-mini,auto_adapt,2,0.0,Warning Exists,"[""'/Sensor/IndoorTemperature/LivingRoom/1' is now ON."", '/Sensor/IndoorTemperature/LivingRoom/1 reading is:', '/Actuator/AC/LivingRoom/1 is turned on.', '/Actuator/Window/LivingRoom/1 is turned off.', '/Actuator/Window/LivingRoom/2 is turned off.', ""'/Sensor/Humidity/LivingRoom/1' is now ON."", '/Sensor/Humidity/LivingRoom/1 reading is:', '/Actuator/Humidifier/LivingRoom/1', ""'/Sensor/LightIntensive/LivingRoom/1' is now ON."", '/Sensor/LightIntensive/LivingRoom/1 reading is:', '/Actuator/Light/LivingRoom/1 || /Actuator/Light/LivingRoom/2']",/Users/minghe/llm4faas/experiments_repeat/repeat_functions_4o-mini/openai_gpt-4o-mini_auto_adapt_2_1737409484180684000.log,ZH
1737408040565978000,openai_gpt-4o-mini,auto_adapt,3,0.0,No Error & Warning,"[""'/Sensor/IndoorTemperature/LivingRoom/1' is now ON."", '/Sensor/IndoorTemperature/LivingRoom/1 reading is:', '/Actuator/Heater/LivingRoom/1 is || /Actuator/AC/LivingRoom/1 is', ""'/Sensor/Humidity/LivingRoom/1' is now ON."", '/Sensor/Humidity/LivingRoom/1 reading is:', '/Actuator/Humidifier/LivingRoom/1', ""'/Sensor/LightIntensive/LivingRoom/1' is now ON."", '/Sensor/LightIntensive/LivingRoom/1 reading is:', 'Set /Actuator/Light/LivingRoom/1 light brightness level to MEDIUM || Set /Actuator/Light/LivingRoom/2 light brightness level to MEDIUM']",/Users/minghe/llm4faas/experiments_repeat/repeat_functions_4o-mini/openai_gpt-4o-mini_auto_adapt_3_1737408040565978000.log,ZH
1737407642267655000,openai_gpt-4o-mini,auto_adapt,2,0.0,Warning Exists,"[""'/Sensor/IndoorTemperature/LivingRoom/1' is now ON."", '/Sensor/IndoorTemperature/LivingRoom/1 reading is:', '/Actuator/AC/LivingRoom/1 is turned on.', '/Actuator/Window/LivingRoom/1 is turned off.', '/Actuator/Window/LivingRoom/2 is turned off.', ""'/Sensor/Humidity/LivingRoom/1' is now ON."", '/Sensor/Humidity/LivingRoom/1 reading is:', '/Actuator/Humidifier/LivingRoom/1', ""'/Sensor/LightIntensive/LivingRoom/1' is now ON."", '/Sensor/LightIntensive/LivingRoom/1 reading is:', '/Actuator/Light/LivingRoom/1 || /Actuator/Light/LivingRoom/2']",/Users/minghe/llm4faas/experiments_repeat/repeat_functions_4o-mini/openai_gpt-4o-mini_auto_adapt_2_1737407642267655000.log,ZH
1737409862846264000,openai_gpt-4o-mini,auto_adapt,2,0.0,Error,,/Users/minghe/llm4faas/experiments_repeat/repeat_functions_4o-mini/openai_gpt-4o-mini_auto_adapt_2_1737409862846264000.log,ZH
1737408778328174000,openai_gpt-4o-mini,auto_adapt,3,0.0,Error,,/Users/minghe/llm4faas/experiments_repeat/repeat_functions_4o-mini/openai_gpt-4o-mini_auto_adapt_3_1737408778328174000.log,ZH
1737407674005443000,openai_gpt-4o-mini,auto_adapt,3,0.7778,No Error & Warning,"['/Actuator/Humidifier/LivingRoom/1', 'Set /Actuator/Light/LivingRoom/1 light brightness level to MEDIUM || Set /Actuator/Light/LivingRoom/2 light brightness level to MEDIUM']",/Users/minghe/llm4faas/experiments_repeat/repeat_functions_4o-mini/openai_gpt-4o-mini_auto_adapt_3_1737407674005443000.log,ZH
1737407254639205000,openai_gpt-4o-mini,auto_adapt,2,0.0,Warning Exists,"[""'/Sensor/IndoorTemperature/LivingRoom/1' is now ON."", '/Sensor/IndoorTemperature/LivingRoom/1 reading is:', '/Actuator/AC/LivingRoom/1 is turned on.', '/Actuator/Window/LivingRoom/1 is turned off.', '/Actuator/Window/LivingRoom/2 is turned off.', ""'/Sensor/Humidity/LivingRoom/1' is now ON."", '/Sensor/Humidity/LivingRoom/1 reading is:', '/Actuator/Humidifier/LivingRoom/1', ""'/Sensor/LightIntensive/LivingRoom/1' is now ON."", '/Sensor/LightIntensive/LivingRoom/1 reading is:', '/Actuator/Light/LivingRoom/1 || /Actuator/Light/LivingRoom/2']",/Users/minghe/llm4faas/experiments_repeat/repeat_functions_4o-mini/openai_gpt-4o-mini_auto_adapt_2_1737407254639205000.log,ZH
1737407326218328000,openai_gpt-4o-mini,auto_adapt,7,0.0,No Error & Warning,"[""'/Sensor/IndoorTemperature/LivingRoom/1' is now ON."", '/Sensor/IndoorTemperature/LivingRoom/1 reading is:', '/Actuator/AC/LivingRoom/1', ""'/Sensor/Humidity/LivingRoom/1' is now ON."", '/Sensor/Humidity/LivingRoom/1 reading is:', '/Actuator/Humidifier/LivingRoom/1', ""'/Sensor/LightIntensive/LivingRoom/1' is now ON."", '/Sensor/LightIntensive/LivingRoom/1 reading is:']",/Users/minghe/llm4faas/experiments_repeat/repeat_functions_4o-mini/openai_gpt-4o-mini_auto_adapt_7_1737407326218328000.log,ZH
1737409939871875000,openai_gpt-4o-mini,auto_adapt,7,0.0,Timeout,"[""'/Sensor/IndoorTemperature/LivingRoom/1' is now ON."", '/Sensor/IndoorTemperature/LivingRoom/1 reading is:', '/Actuator/AC/LivingRoom/1', ""'/Sensor/Humidity/LivingRoom/1' is now ON."", '/Sensor/Humidity/LivingRoom/1 reading is:', '/Actuator/Humidifier/LivingRoom/1', ""'/Sensor/LightIntensive/LivingRoom/1' is now ON."", '/Sensor/LightIntensive/LivingRoom/1 reading is:']",/Users/minghe/llm4faas/experiments_repeat/repeat_functions_4o-mini/openai_gpt-4o-mini_auto_adapt_7_1737409939871875000.log,ZH
1737408402452283000,openai_gpt-4o-mini,auto_adapt,3,0.0,Error,,/Users/minghe/llm4faas/experiments_repeat/repeat_functions_4o-mini/openai_gpt-4o-mini_auto_adapt_3_1737408402452283000.log,ZH
1737410238046427000,openai_gpt-4o-mini,auto_adapt,2,0.0,Error,,/Users/minghe/llm4faas/experiments_repeat/repeat_functions_4o-mini/openai_gpt-4o-mini_auto_adapt_2_1737410238046427000.log,ZH
1737408808964090000,openai_gpt-4o-mini,auto_adapt,7,0.0,Error,,/Users/minghe/llm4faas/experiments_repeat/repeat_functions_4o-mini/openai_gpt-4o-mini_auto_adapt_7_1737408808964090000.log,ZH
1737410678176033000,openai_gpt-4o-mini,auto_adapt,7,1.0,No Error & Warning,[],/Users/minghe/llm4faas/experiments_repeat/repeat_functions_4o-mini/openai_gpt-4o-mini_auto_adapt_7_1737410678176033000.log,ZH
1737408436142419000,openai_gpt-4o-mini,auto_adapt,7,1.0,Warning Exists,[],/Users/minghe/llm4faas/experiments_repeat/repeat_functions_4o-mini/openai_gpt-4o-mini_auto_adapt_7_1737408436142419000.log,ZH
1737408006671487000,openai_gpt-4o-mini,auto_adapt,2,0.0,Warning Exists,"[""'/Sensor/IndoorTemperature/LivingRoom/1' is now ON."", '/Sensor/IndoorTemperature/LivingRoom/1 reading is:', '/Actuator/AC/LivingRoom/1 is turned on.', '/Actuator/Window/LivingRoom/1 is turned off.', '/Actuator/Window/LivingRoom/2 is turned off.', ""'/Sensor/Humidity/LivingRoom/1' is now ON."", '/Sensor/Humidity/LivingRoom/1 reading is:', '/Actuator/Humidifier/LivingRoom/1', ""'/Sensor/LightIntensive/LivingRoom/1' is now ON."", '/Sensor/LightIntensive/LivingRoom/1 reading is:', '/Actuator/Light/LivingRoom/1 || /Actuator/Light/LivingRoom/2']",/Users/minghe/llm4faas/experiments_repeat/repeat_functions_4o-mini/openai_gpt-4o-mini_auto_adapt_2_1737408006671487000.log,ZH
1737409520314268000,openai_gpt-4o-mini,auto_adapt,3,0.0,Error,,/Users/minghe/llm4faas/experiments_repeat/repeat_functions_4o-mini/openai_gpt-4o-mini_auto_adapt_3_1737409520314268000.log,ZH
1737410269470169000,openai_gpt-4o-mini,auto_adapt,3,0.7778,No Error & Warning,"['/Actuator/Humidifier/LivingRoom/1', 'Set /Actuator/Light/LivingRoom/1 light brightness level to MEDIUM || Set /Actuator/Light/LivingRoom/2 light brightness level to MEDIUM']",/Users/minghe/llm4faas/experiments_repeat/repeat_functions_4o-mini/openai_gpt-4o-mini_auto_adapt_3_1737410269470169000.log,ZH
1737408372041335000,openai_gpt-4o-mini,auto_adapt,2,0.8182,Timeout,"['/Actuator/Window/LivingRoom/1 is turned off.', '/Actuator/Window/LivingRoom/2 is turned off.']",/Users/minghe/llm4faas/experiments_repeat/repeat_functions_4o-mini/openai_gpt-4o-mini_auto_adapt_2_1737408372041335000.log,ZH
1737409116322997000,openai_gpt-4o-mini,auto_adapt,2,0.0,Error,,/Users/minghe/llm4faas/experiments_repeat/repeat_functions_4o-mini/openai_gpt-4o-mini_auto_adapt_2_1737409116322997000.log,ZH
1737410304278682000,openai_gpt-4o-mini,auto_adapt,7,0.0,Warning Exists,"[""'/Sensor/IndoorTemperature/LivingRoom/1' is now ON."", '/Sensor/IndoorTemperature/LivingRoom/1 reading is:', '/Actuator/AC/LivingRoom/1', ""'/Sensor/Humidity/LivingRoom/1' is now ON."", '/Sensor/Humidity/LivingRoom/1 reading is:', '/Actuator/Humidifier/LivingRoom/1', ""'/Sensor/LightIntensive/LivingRoom/1' is now ON."", '/Sensor/LightIntensive/LivingRoom/1 reading is:']",/Users/minghe/llm4faas/experiments_repeat/repeat_functions_4o-mini/openai_gpt-4o-mini_auto_adapt_7_1737410304278682000.log,ZH
1737408613268328000,openai_gpt-4o-mini,remote_control,7,0.0,Error,,/Users/minghe/llm4faas/experiments_repeat/repeat_functions_4o-mini/openai_gpt-4o-mini_remote_control_7_1737408613268328000.log,ZH
1737409241485181000,openai_gpt-4o-mini,remote_control,2,1.0,No Error & Warning,[],/Users/minghe/llm4faas/experiments_repeat/repeat_functions_4o-mini/openai_gpt-4o-mini_remote_control_2_1737409241485181000.log,ZH
1737407770125853000,openai_gpt-4o-mini,remote_control,2,1.0,No Error & Warning,[],/Users/minghe/llm4faas/experiments_repeat/repeat_functions_4o-mini/openai_gpt-4o-mini_remote_control_2_1737407770125853000.log,ZH
1737409678563871000,openai_gpt-4o-mini,remote_control,3,1.0,No Error & Warning,[],/Users/minghe/llm4faas/experiments_repeat/repeat_functions_4o-mini/openai_gpt-4o-mini_remote_control_3_1737409678563871000.log,ZH
1737410425059463000,openai_gpt-4o-mini,remote_control,3,1.0,No Error & Warning,[],/Users/minghe/llm4faas/experiments_repeat/repeat_functions_4o-mini/openai_gpt-4o-mini_remote_control_3_1737410425059463000.log,ZH
1737410796327008000,openai_gpt-4o-mini,remote_control,3,0.0,No Error & Warning,"['/Actuator/Light/LivingRoom/1 is turned off.', '/Actuator/Light/LivingRoom/2 is turned off.']",/Users/minghe/llm4faas/experiments_repeat/repeat_functions_4o-mini/openai_gpt-4o-mini_remote_control_3_1737410796327008000.log,ZH
1737409737203470000,openai_gpt-4o-mini,remote_control,7,0.0,Error,,/Users/minghe/llm4faas/experiments_repeat/repeat_functions_4o-mini/openai_gpt-4o-mini_remote_control_7_1737409737203470000.log,ZH
1737410115265949000,openai_gpt-4o-mini,remote_control,7,0.0,Error,,/Users/minghe/llm4faas/experiments_repeat/repeat_functions_4o-mini/openai_gpt-4o-mini_remote_control_7_1737410115265949000.log,ZH
1737410481552679000,openai_gpt-4o-mini,remote_control,7,1.0,No Error & Warning,[],/Users/minghe/llm4faas/experiments_repeat/repeat_functions_4o-mini/openai_gpt-4o-mini_remote_control_7_1737410481552679000.log,ZH
1737407884098495000,openai_gpt-4o-mini,remote_control,7,1.0,No Error & Warning,[],/Users/minghe/llm4faas/experiments_repeat/repeat_functions_4o-mini/openai_gpt-4o-mini_remote_control_7_1737407884098495000.log,ZH
1737410739186839000,openai_gpt-4o-mini,remote_control,2,1.0,No Error & Warning,[],/Users/minghe/llm4faas/experiments_repeat/repeat_functions_4o-mini/openai_gpt-4o-mini_remote_control_2_1737410739186839000.log,ZH
1737408869715774000,openai_gpt-4o-mini,remote_control,2,1.0,No Error & Warning,[],/Users/minghe/llm4faas/experiments_repeat/repeat_functions_4o-mini/openai_gpt-4o-mini_remote_control_2_1737408869715774000.log,ZH
1737407829824735000,openai_gpt-4o-mini,remote_control,3,1.0,No Error & Warning,[],/Users/minghe/llm4faas/experiments_repeat/repeat_functions_4o-mini/openai_gpt-4o-mini_remote_control_3_1737407829824735000.log,ZH
1737410001498150000,openai_gpt-4o-mini,remote_control,2,1.0,No Error & Warning,[],/Users/minghe/llm4faas/experiments_repeat/repeat_functions_4o-mini/openai_gpt-4o-mini_remote_control_2_1737410001498150000.log,ZH
1737410941531550000,openai_gpt-4o-mini,remote_control,7,1.0,No Error & Warning,[],/Users/minghe/llm4faas/experiments_repeat/repeat_functions_4o-mini/openai_gpt-4o-mini_remote_control_7_1737410941531550000.log,ZH
1737408497070718000,openai_gpt-4o-mini,remote_control,2,1.0,No Error & Warning,[],/Users/minghe/llm4faas/experiments_repeat/repeat_functions_4o-mini/openai_gpt-4o-mini_remote_control_2_1737408497070718000.log,ZH
1737407392365377000,openai_gpt-4o-mini,remote_control,2,0.0,Error,,/Users/minghe/llm4faas/experiments_repeat/repeat_functions_4o-mini/openai_gpt-4o-mini_remote_control_2_1737407392365377000.log,ZH
1737409618012556000,openai_gpt-4o-mini,remote_control,2,1.0,No Error & Warning,[],/Users/minghe/llm4faas/experiments_repeat/repeat_functions_4o-mini/openai_gpt-4o-mini_remote_control_2_1737409618012556000.log,ZH
1737408554105197000,openai_gpt-4o-mini,remote_control,3,0.5,No Error & Warning,['/Actuator/Light/LivingRoom/2 is turned off.'],/Users/minghe/llm4faas/experiments_repeat/repeat_functions_4o-mini/openai_gpt-4o-mini_remote_control_3_1737408554105197000.log,ZH
1737409300979887000,openai_gpt-4o-mini,remote_control,3,1.0,No Error & Warning,[],/Users/minghe/llm4faas/experiments_repeat/repeat_functions_4o-mini/openai_gpt-4o-mini_remote_control_3_1737409300979887000.log,ZH
1737407453906195000,openai_gpt-4o-mini,remote_control,3,1.0,No Error & Warning,[],/Users/minghe/llm4faas/experiments_repeat/repeat_functions_4o-mini/openai_gpt-4o-mini_remote_control_3_1737407453906195000.log,ZH
1737408988390581000,openai_gpt-4o-mini,remote_control,7,0.0,Error,,/Users/minghe/llm4faas/experiments_repeat/repeat_functions_4o-mini/openai_gpt-4o-mini_remote_control_7_1737408988390581000.log,ZH
1737409355457175000,openai_gpt-4o-mini,remote_control,7,1.0,No Error & Warning,[],/Users/minghe/llm4faas/experiments_repeat/repeat_functions_4o-mini/openai_gpt-4o-mini_remote_control_7_1737409355457175000.log,ZH
1737408133524698000,openai_gpt-4o-mini,remote_control,2,1.0,No Error & Warning,[],/Users/minghe/llm4faas/experiments_repeat/repeat_functions_4o-mini/openai_gpt-4o-mini_remote_control_2_1737408133524698000.log,ZH
1737410367465065000,openai_gpt-4o-mini,remote_control,2,1.0,No Error & Warning,[],/Users/minghe/llm4faas/experiments_repeat/repeat_functions_4o-mini/openai_gpt-4o-mini_remote_control_2_1737410367465065000.log,ZH
1737408931454666000,openai_gpt-4o-mini,remote_control,3,1.0,No Error & Warning,[],/Users/minghe/llm4faas/experiments_repeat/repeat_functions_4o-mini/openai_gpt-4o-mini_remote_control_3_1737408931454666000.log,ZH
1737408192941830000,openai_gpt-4o-mini,remote_control,3,1.0,No Error & Warning,[],/Users/minghe/llm4faas/experiments_repeat/repeat_functions_4o-mini/openai_gpt-4o-mini_remote_control_3_1737408192941830000.log,ZH
1737410058431926000,openai_gpt-4o-mini,remote_control,3,1.0,No Error & Warning,[],/Users/minghe/llm4faas/experiments_repeat/repeat_functions_4o-mini/openai_gpt-4o-mini_remote_control_3_1737410058431926000.log,ZH
1737408250408773000,openai_gpt-4o-mini,remote_control,7,1.0,No Error & Warning,[],/Users/minghe/llm4faas/experiments_repeat/repeat_functions_4o-mini/openai_gpt-4o-mini_remote_control_7_1737408250408773000.log,ZH
1737407511562340000,openai_gpt-4o-mini,remote_control,7,1.0,No Error & Warning,[],/Users/minghe/llm4faas/experiments_repeat/repeat_functions_4o-mini/openai_gpt-4o-mini_remote_control_7_1737407511562340000.log,ZH
1737410205888326000,openai_gpt-4o-mini,plan,2,0.9,Warning Exists,"['/Actuator/CoffeeMachine/Kitchen/1', 'Set /Actuator/Light/LivingRoom/1 light brightness level to LOW || Set /Actuator/Light/LivingRoom/2 light brightness level to LOW']",/Users/minghe/llm4faas/experiments_repeat/repeat_functions_4o-mini/openai_gpt-4o-mini_plan_2_1737410205888326000.log,ZH
1737408308550745000,openai_gpt-4o-mini,plan,7,0.0,Error,,/Users/minghe/llm4faas/experiments_repeat/repeat_functions_4o-mini/openai_gpt-4o-mini_plan_7_1737408308550745000.log,ZH
1737407975542286000,openai_gpt-4o-mini,plan,2,0.0,Error,,/Users/minghe/llm4faas/experiments_repeat/repeat_functions_4o-mini/openai_gpt-4o-mini_plan_2_1737407975542286000.log,ZH
1737410508789771000,openai_gpt-4o-mini,plan,3,0.8889,No Error & Warning,['/Actuator/SmartTV/LivingRoom/1'],/Users/minghe/llm4faas/experiments_repeat/repeat_functions_4o-mini/openai_gpt-4o-mini_plan_3_1737410508789771000.log,ZH
1737410542037375000,openai_gpt-4o-mini,plan,7,0.0,Error,,/Users/minghe/llm4faas/experiments_repeat/repeat_functions_4o-mini/openai_gpt-4o-mini_plan_7_1737410542037375000.log,ZH
1737409417167593000,openai_gpt-4o-mini,plan,7,0.5,Warning Exists,"['/Actuator/SmartSocket/LivingRoom/1 is turned off.', '/Actuator/SmartSocket/LivingRoom/2 is turned off.', '/Actuator/SmartSocket/Bedroom/1 is turned off.', '/Actuator/SmartSocket/Bedroom/2 is turned off.', '/Actuator/SmartSocket/Kitchen/1 is turned off.', '/Actuator/SmartSocket/Kitchen/2 is turned off.', '/Actuator/SmartSocket/Kitchen/3 is turned off.', '/Actuator/SmartSocket/Bathroom/1 is turned off.', '/Actuator/SmartSocket/Bathroom/2 is turned off.', 'Set /Actuator/Light/LivingRoom/1 light brightness level to LOW || Set /Actuator/Light/LivingRoom/2 light brightness level to LOW']",/Users/minghe/llm4faas/experiments_repeat/repeat_functions_4o-mini/openai_gpt-4o-mini_plan_7_1737409417167593000.log,ZH
1737410175681489000,openai_gpt-4o-mini,plan,7,0.0,Error,,/Users/minghe/llm4faas/experiments_repeat/repeat_functions_4o-mini/openai_gpt-4o-mini_plan_7_1737410175681489000.log,ZH
1737409052800636000,openai_gpt-4o-mini,plan,7,0.5,Warning Exists,"['/Actuator/SmartSocket/LivingRoom/1 is turned off.', '/Actuator/SmartSocket/LivingRoom/2 is turned off.', '/Actuator/SmartSocket/Bedroom/1 is turned off.', '/Actuator/SmartSocket/Bedroom/2 is turned off.', '/Actuator/SmartSocket/Kitchen/1 is turned off.', '/Actuator/SmartSocket/Kitchen/2 is turned off.', '/Actuator/SmartSocket/Kitchen/3 is turned off.', '/Actuator/SmartSocket/Bathroom/1 is turned off.', '/Actuator/SmartSocket/Bathroom/2 is turned off.', 'Set /Actuator/Light/LivingRoom/1 light brightness level to LOW || Set /Actuator/Light/LivingRoom/2 light brightness level to LOW']",/Users/minghe/llm4faas/experiments_repeat/repeat_functions_4o-mini/openai_gpt-4o-mini_plan_7_1737409052800636000.log,ZH
1737409764953381000,openai_gpt-4o-mini,plan,3,0.0,Error,,/Users/minghe/llm4faas/experiments_repeat/repeat_functions_4o-mini/openai_gpt-4o-mini_plan_3_1737409764953381000.log,ZH
1737408641373741000,openai_gpt-4o-mini,plan,3,0.8889,No Error & Warning,['/Actuator/SmartTV/LivingRoom/1'],/Users/minghe/llm4faas/experiments_repeat/repeat_functions_4o-mini/openai_gpt-4o-mini_plan_3_1737408641373741000.log,ZH
1737408678305398000,openai_gpt-4o-mini,plan,7,0.95,Warning Exists,['Set /Actuator/Light/LivingRoom/1 light brightness level to LOW || Set /Actuator/Light/LivingRoom/2 light brightness level to LOW'],/Users/minghe/llm4faas/experiments_repeat/repeat_functions_4o-mini/openai_gpt-4o-mini_plan_7_1737408678305398000.log,ZH
1737409796186098000,openai_gpt-4o-mini,plan,7,0.5,No Error & Warning,"['/Actuator/SmartSocket/LivingRoom/1 is turned off.', '/Actuator/SmartSocket/LivingRoom/2 is turned off.', '/Actuator/SmartSocket/Bedroom/1 is turned off.', '/Actuator/SmartSocket/Bedroom/2 is turned off.', '/Actuator/SmartSocket/Kitchen/1 is turned off.', '/Actuator/SmartSocket/Kitchen/2 is turned off.', '/Actuator/SmartSocket/Kitchen/3 is turned off.', '/Actuator/SmartSocket/Bathroom/1 is turned off.', '/Actuator/SmartSocket/Bathroom/2 is turned off.', 'Set /Actuator/Light/LivingRoom/1 light brightness level to LOW || Set /Actuator/Light/LivingRoom/2 light brightness level to LOW']",/Users/minghe/llm4faas/experiments_repeat/repeat_functions_4o-mini/openai_gpt-4o-mini_plan_7_1737409796186098000.log,ZH
1737407607205966000,openai_gpt-4o-mini,plan,2,0.5,Warning Exists,"['/Actuator/Light/Bedroom/1 is turned off.', '/Actuator/Light/Bedroom/2 is turned off.', '/Actuator/Light/Kitchen/1 is turned off.', '/Actuator/Light/Bathroom/1 is turned off.', '/Actuator/SmartSocket/Bedroom/1 is turned off.', '/Actuator/SmartSocket/Bedroom/2 is turned off.', '/Actuator/SmartSocket/Kitchen/1 is turned off. || /Actuator/SmartSocket/Kitchen/2 is turned off. || /Actuator/SmartSocket/Kitchen/3 is turned off.', '/Actuator/SmartSocket/Bathroom/1 is turned off.', '/Actuator/SmartSocket/Bathroom/2 is turned off.', 'Set /Actuator/Light/LivingRoom/1 light brightness level to LOW || Set /Actuator/Light/LivingRoom/2 light brightness level to LOW']",/Users/minghe/llm4faas/experiments_repeat/repeat_functions_4o-mini/openai_gpt-4o-mini_plan_2_1737407607205966000.log,ZH
1737408340707273000,openai_gpt-4o-mini,plan,2,0.35,Warning Exists,"['/Actuator/CoffeeMachine/Kitchen/1', '/Actuator/Light/Bedroom/1 is turned off.', '/Actuator/Light/Bedroom/2 is turned off.', '/Actuator/Light/Kitchen/1 is turned off.', '/Actuator/Light/Bathroom/1 is turned off.', '/Actuator/SmartSocket/LivingRoom/1 is turned off.', '/Actuator/SmartSocket/LivingRoom/2 is turned off.', '/Actuator/SmartSocket/Bedroom/1 is turned off.', '/Actuator/SmartSocket/Bedroom/2 is turned off.', '/Actuator/SmartSocket/Kitchen/1 is turned off. || /Actuator/SmartSocket/Kitchen/2 is turned off. || /Actuator/SmartSocket/Kitchen/3 is turned off.', '/Actuator/SmartSocket/Bathroom/1 is turned off.', '/Actuator/SmartSocket/Bathroom/2 is turned off.', 'Set /Actuator/Light/LivingRoom/1 light brightness level to LOW || Set /Actuator/Light/LivingRoom/2 light brightness level to LOW']",/Users/minghe/llm4faas/experiments_repeat/repeat_functions_4o-mini/openai_gpt-4o-mini_plan_2_1737408340707273000.log,ZH
1737407915741332000,openai_gpt-4o-mini,plan,3,0.8889,No Error & Warning,['/Actuator/SmartTV/LivingRoom/1'],/Users/minghe/llm4faas/experiments_repeat/repeat_functions_4o-mini/openai_gpt-4o-mini_plan_3_1737407915741332000.log,ZH
1737409082805708000,openai_gpt-4o-mini,plan,2,0.5,Warning Exists,"['/Actuator/Light/Bedroom/1 is turned off.', '/Actuator/Light/Bedroom/2 is turned off.', '/Actuator/Light/Kitchen/1 is turned off.', '/Actuator/Light/Bathroom/1 is turned off.', '/Actuator/SmartSocket/Bedroom/1 is turned off.', '/Actuator/SmartSocket/Bedroom/2 is turned off.', '/Actuator/SmartSocket/Kitchen/1 is turned off. || /Actuator/SmartSocket/Kitchen/2 is turned off. || /Actuator/SmartSocket/Kitchen/3 is turned off.', '/Actuator/SmartSocket/Bathroom/1 is turned off.', '/Actuator/SmartSocket/Bathroom/2 is turned off.', 'Set /Actuator/Light/LivingRoom/1 light brightness level to LOW || Set /Actuator/Light/LivingRoom/2 light brightness level to LOW']",/Users/minghe/llm4faas/experiments_repeat/repeat_functions_4o-mini/openai_gpt-4o-mini_plan_2_1737409082805708000.log,ZH
1737407220641139000,openai_gpt-4o-mini,plan,2,0.0,Error,,/Users/minghe/llm4faas/experiments_repeat/repeat_functions_4o-mini/openai_gpt-4o-mini_plan_2_1737407220641139000.log,ZH
1737407540437780000,openai_gpt-4o-mini,plan,3,0.8889,Warning Exists,['/Actuator/SmartTV/LivingRoom/1'],/Users/minghe/llm4faas/experiments_repeat/repeat_functions_4o-mini/openai_gpt-4o-mini_plan_3_1737407540437780000.log,ZH
1737407155936394000,openai_gpt-4o-mini,plan,3,0.8889,No Error & Warning,['/Actuator/SmartTV/LivingRoom/1'],/Users/minghe/llm4faas/experiments_repeat/repeat_functions_4o-mini/openai_gpt-4o-mini_plan_3_1737407155936394000.log,ZH
1737409383066990000,openai_gpt-4o-mini,plan,3,0.8889,No Error & Warning,['/Actuator/SmartTV/LivingRoom/1'],/Users/minghe/llm4faas/experiments_repeat/repeat_functions_4o-mini/openai_gpt-4o-mini_plan_3_1737409383066990000.log,ZH
1737407574747103000,openai_gpt-4o-mini,plan,7,0.0,Error,,/Users/minghe/llm4faas/experiments_repeat/repeat_functions_4o-mini/openai_gpt-4o-mini_plan_7_1737407574747103000.log,ZH
1737409828954864000,openai_gpt-4o-mini,plan,2,0.0,Error,,/Users/minghe/llm4faas/experiments_repeat/repeat_functions_4o-mini/openai_gpt-4o-mini_plan_2_1737409828954864000.log,ZH
1737408277931717000,openai_gpt-4o-mini,plan,3,0.8889,No Error & Warning,['/Actuator/SmartTV/LivingRoom/1'],/Users/minghe/llm4faas/experiments_repeat/repeat_functions_4o-mini/openai_gpt-4o-mini_plan_3_1737408277931717000.log,ZH
1737409451426639000,openai_gpt-4o-mini,plan,2,0.45,Warning Exists,"['/Actuator/CoffeeMachine/Kitchen/1', '/Actuator/Light/Bedroom/1 is turned off.', '/Actuator/Light/Bedroom/2 is turned off.', '/Actuator/Light/Kitchen/1 is turned off.', '/Actuator/Light/Bathroom/1 is turned off.', '/Actuator/SmartSocket/Bedroom/1 is turned off.', '/Actuator/SmartSocket/Bedroom/2 is turned off.', '/Actuator/SmartSocket/Kitchen/1 is turned off. || /Actuator/SmartSocket/Kitchen/2 is turned off. || /Actuator/SmartSocket/Kitchen/3 is turned off.', '/Actuator/SmartSocket/Bathroom/1 is turned off.', '/Actuator/SmartSocket/Bathroom/2 is turned off.', 'Set /Actuator/Light/LivingRoom/1 light brightness level to LOW || Set /Actuator/Light/LivingRoom/2 light brightness level to LOW']",/Users/minghe/llm4faas/experiments_repeat/repeat_functions_4o-mini/openai_gpt-4o-mini_plan_2_1737409451426639000.log,ZH
1737407945639861000,openai_gpt-4o-mini,plan,7,0.1,Timeout,"['Lock the door /Actuator/Door/LivingRoom/1. || Lock the door /Actuator/Door/Bedroom/1. || Lock the door /Actuator/Door/Kitchen/1. || Lock the door /Actuator/Door/Bathroom/1. || Lock the door /Actuator/Door/Balcony/1.', '/Actuator/Light/LivingRoom/1 is turned off.', '/Actuator/Light/LivingRoom/2 is turned off.', '/Actuator/Light/Bedroom/1 is turned off.', '/Actuator/Light/Bedroom/2 is turned off.', '/Actuator/Light/Kitchen/1 is turned off.', '/Actuator/Light/Bathroom/1 is turned off.', '/Actuator/SmartSocket/LivingRoom/1 is turned off.', '/Actuator/SmartSocket/LivingRoom/2 is turned off.', '/Actuator/SmartSocket/Bedroom/1 is turned off.', '/Actuator/SmartSocket/Bedroom/2 is turned off.', '/Actuator/SmartSocket/Kitchen/1 is turned off.', '/Actuator/SmartSocket/Kitchen/2 is turned off.', '/Actuator/SmartSocket/Kitchen/3 is turned off.', '/Actuator/SmartSocket/Bathroom/1 is turned off.', '/Actuator/SmartSocket/Bathroom/2 is turned off.', '/Actuator/Curtain/LivingRoom/1 || /Actuator/Curtain/Bedroom/1', 'Set /Actuator/Light/LivingRoom/1 light brightness level to LOW || Set /Actuator/Light/LivingRoom/2 light brightness level to LOW']",/Users/minghe/llm4faas/experiments_repeat/repeat_functions_4o-mini/openai_gpt-4o-mini_plan_7_1737407945639861000.log,ZH
1737408710072510000,openai_gpt-4o-mini,plan,2,0.0,Error,,/Users/minghe/llm4faas/experiments_repeat/repeat_functions_4o-mini/openai_gpt-4o-mini_plan_2_1737408710072510000.log,ZH
1737407188795918000,openai_gpt-4o-mini,plan,7,0.0,Timeout,"['/Actuator/MusicPlayer/LivingRoom/1 is turned on. || /Actuator/MusicPlayer/Bedroom/1 is turned on.', '/Actuator/CoffeeMachine/Kitchen/1', 'Lock the door /Actuator/Door/LivingRoom/1. || Lock the door /Actuator/Door/Bedroom/1. || Lock the door /Actuator/Door/Kitchen/1. || Lock the door /Actuator/Door/Bathroom/1. || Lock the door /Actuator/Door/Balcony/1.', '/Actuator/Light/LivingRoom/1 is turned off.', '/Actuator/Light/LivingRoom/2 is turned off.', '/Actuator/Light/Bedroom/1 is turned off.', '/Actuator/Light/Bedroom/2 is turned off.', '/Actuator/Light/Kitchen/1 is turned off.', '/Actuator/Light/Bathroom/1 is turned off.', '/Actuator/SmartSocket/LivingRoom/1 is turned off.', '/Actuator/SmartSocket/LivingRoom/2 is turned off.', '/Actuator/SmartSocket/Bedroom/1 is turned off.', '/Actuator/SmartSocket/Bedroom/2 is turned off.', '/Actuator/SmartSocket/Kitchen/1 is turned off.', '/Actuator/SmartSocket/Kitchen/2 is turned off.', '/Actuator/SmartSocket/Kitchen/3 is turned off.', '/Actuator/SmartSocket/Bathroom/1 is turned off.', '/Actuator/SmartSocket/Bathroom/2 is turned off.', '/Actuator/Curtain/LivingRoom/1 || /Actuator/Curtain/Bedroom/1', 'Set /Actuator/Light/LivingRoom/1 light brightness level to LOW || Set /Actuator/Light/LivingRoom/2 light brightness level to LOW']",/Users/minghe/llm4faas/experiments_repeat/repeat_functions_4o-mini/openai_gpt-4o-mini_plan_7_1737407188795918000.log,ZH
1737410576601729000,openai_gpt-4o-mini,plan,2,0.55,No Error & Warning,"['/Actuator/Light/Bedroom/1 is turned off.', '/Actuator/Light/Bedroom/2 is turned off.', '/Actuator/Light/Kitchen/1 is turned off.', '/Actuator/Light/Bathroom/1 is turned off.', '/Actuator/SmartSocket/Bedroom/1 is turned off.', '/Actuator/SmartSocket/Bedroom/2 is turned off.', '/Actuator/SmartSocket/Kitchen/1 is turned off. || /Actuator/SmartSocket/Kitchen/2 is turned off. || /Actuator/SmartSocket/Kitchen/3 is turned off.', '/Actuator/SmartSocket/Bathroom/1 is turned off.', '/Actuator/SmartSocket/Bathroom/2 is turned off.']",/Users/minghe/llm4faas/experiments_repeat/repeat_functions_4o-mini/openai_gpt-4o-mini_plan_2_1737410576601729000.log,ZH
1737409019520643000,openai_gpt-4o-mini,plan,3,0.8889,No Error & Warning,['/Actuator/SmartTV/LivingRoom/1'],/Users/minghe/llm4faas/experiments_repeat/repeat_functions_4o-mini/openai_gpt-4o-mini_plan_3_1737409019520643000.log,ZH
1737410141170625000,openai_gpt-4o-mini,plan,3,0.8889,No Error & Warning,['/Actuator/SmartTV/LivingRoom/1'],/Users/minghe/llm4faas/experiments_repeat/repeat_functions_4o-mini/openai_gpt-4o-mini_plan_3_1737410141170625000.log,ZH
1737407740299181000,openai_gpt-4o-mini,energy_control,2,1.0,No Error & Warning,[],/Users/minghe/llm4faas/experiments_repeat/repeat_functions_4o-mini/openai_gpt-4o-mini_energy_control_2_1737407740299181000.log,ZH
1737407858395721000,openai_gpt-4o-mini,energy_control,3,0.0,Error,,/Users/minghe/llm4faas/experiments_repeat/repeat_functions_4o-mini/openai_gpt-4o-mini_energy_control_3_1737407858395721000.log,ZH
1737408960538517000,openai_gpt-4o-mini,energy_control,3,0.5,Warning Exists,['/Actuator/AC/Bedroom/1 || /Actuator/AC/LivingRoom/1'],/Users/minghe/llm4faas/experiments_repeat/repeat_functions_4o-mini/openai_gpt-4o-mini_energy_control_3_1737408960538517000.log,ZH
1737410087718787000,openai_gpt-4o-mini,energy_control,3,1.0,No Error & Warning,[],/Users/minghe/llm4faas/experiments_repeat/repeat_functions_4o-mini/openai_gpt-4o-mini_energy_control_3_1737410087718787000.log,ZH
1737410398401627000,openai_gpt-4o-mini,energy_control,7,0.0,No Error & Warning,"['/Sensor/OutdoorTemperature/Balcony/1 reading is:', '/Actuator/AC/LivingRoom/1 || /Actuator/AC/Bedroom/1', '/Actuator/Door/LivingRoom/1 is turned off. || /Actuator/Door/Bedroom/1 is turned off. || /Actuator/Door/Kitchen/1 is turned off. || /Actuator/Door/Bathroom/1 is turned off. || /Actuator/Door/Balcony/1 is turned off.', '/Actuator/Window/LivingRoom/1 is turned off. || /Actuator/Window/LivingRoom/2 is turned off. || /Actuator/Window/Bedroom/1 is turned off. || /Actuator/Window/Kitchen/1 is turned off. || /Actuator/Window/Bathroom/1 is turned off.']",/Users/minghe/llm4faas/experiments_repeat/repeat_functions_4o-mini/openai_gpt-4o-mini_energy_control_7_1737410398401627000.log,ZH
1737410032525524000,openai_gpt-4o-mini,energy_control,7,0.25,Warning Exists,"['/Sensor/OutdoorTemperature/Balcony/1 reading is:', '/Actuator/Door/LivingRoom/1 is turned off. || /Actuator/Door/Bedroom/1 is turned off. || /Actuator/Door/Kitchen/1 is turned off. || /Actuator/Door/Bathroom/1 is turned off. || /Actuator/Door/Balcony/1 is turned off.', '/Actuator/Window/LivingRoom/1 is turned off. || /Actuator/Window/LivingRoom/2 is turned off. || /Actuator/Window/Bedroom/1 is turned off. || /Actuator/Window/Kitchen/1 is turned off. || /Actuator/Window/Bathroom/1 is turned off.']",/Users/minghe/llm4faas/experiments_repeat/repeat_functions_4o-mini/openai_gpt-4o-mini_energy_control_7_1737410032525524000.log,ZH
1737410709668064000,openai_gpt-4o-mini,energy_control,2,0.6667,Warning Exists,"['/Sensor/LightIntensive/LivingRoom/1 reading is || /Sensor/LightIntensive/Bedroom/1 reading is', '/Actuator/Light/ || Set /Actuator/Light/']",/Users/minghe/llm4faas/experiments_repeat/repeat_functions_4o-mini/openai_gpt-4o-mini_energy_control_2_1737410709668064000.log,ZH
1737409650776822000,openai_gpt-4o-mini,energy_control,7,0.5,No Error & Warning,"['/Sensor/OutdoorTemperature/Balcony/1 reading is:', '/Actuator/Door/LivingRoom/1 is turned off. || /Actuator/Door/Bedroom/1 is turned off. || /Actuator/Door/Kitchen/1 is turned off. || /Actuator/Door/Bathroom/1 is turned off. || /Actuator/Door/Balcony/1 is turned off.']",/Users/minghe/llm4faas/experiments_repeat/repeat_functions_4o-mini/openai_gpt-4o-mini_energy_control_7_1737409650776822000.log,ZH
1737409274253630000,openai_gpt-4o-mini,energy_control,7,0.0,Error,,/Users/minghe/llm4faas/experiments_repeat/repeat_functions_4o-mini/openai_gpt-4o-mini_energy_control_7_1737409274253630000.log,ZH
1737407480332106000,openai_gpt-4o-mini,energy_control,3,1.0,No Error & Warning,[],/Users/minghe/llm4faas/experiments_repeat/repeat_functions_4o-mini/openai_gpt-4o-mini_energy_control_3_1737407480332106000.log,ZH
1737409972210142000,openai_gpt-4o-mini,energy_control,2,0.3333,Warning Exists,"['/Sensor/LightIntensive/LivingRoom/1 reading is || /Sensor/LightIntensive/Bedroom/1 reading is', '/Actuator/AC/Bedroom/1 || /Actuator/AC/LivingRoom/1', '/Actuator/Window/Bedroom/1 is turned off. || /Actuator/Window/LivingRoom/1 is turned off. || /Actuator/Window/LivingRoom/2 is turned off.', '/Actuator/Light/ || Set /Actuator/Light/']",/Users/minghe/llm4faas/experiments_repeat/repeat_functions_4o-mini/openai_gpt-4o-mini_energy_control_2_1737409972210142000.log,ZH
1737407425613557000,openai_gpt-4o-mini,energy_control,7,0.75,Warning Exists,['/Sensor/OutdoorTemperature/Balcony/1 reading is:'],/Users/minghe/llm4faas/experiments_repeat/repeat_functions_4o-mini/openai_gpt-4o-mini_energy_control_7_1737407425613557000.log,ZH
1737408104314685000,openai_gpt-4o-mini,energy_control,2,0.0,Error,,/Users/minghe/llm4faas/experiments_repeat/repeat_functions_4o-mini/openai_gpt-4o-mini_energy_control_2_1737408104314685000.log,ZH
1737409328011716000,openai_gpt-4o-mini,energy_control,3,1.0,No Error & Warning,[],/Users/minghe/llm4faas/experiments_repeat/repeat_functions_4o-mini/openai_gpt-4o-mini_energy_control_3_1737409328011716000.log,ZH
1737408901757256000,openai_gpt-4o-mini,energy_control,7,0.0,No Error & Warning,"['/Sensor/OutdoorTemperature/Balcony/1 reading is:', '/Actuator/AC/LivingRoom/1 || /Actuator/AC/Bedroom/1', '/Actuator/Door/LivingRoom/1 is turned off. || /Actuator/Door/Bedroom/1 is turned off. || /Actuator/Door/Kitchen/1 is turned off. || /Actuator/Door/Bathroom/1 is turned off. || /Actuator/Door/Balcony/1 is turned off.', '/Actuator/Window/LivingRoom/1 is turned off. || /Actuator/Window/LivingRoom/2 is turned off. || /Actuator/Window/Bedroom/1 is turned off. || /Actuator/Window/Kitchen/1 is turned off. || /Actuator/Window/Bathroom/1 is turned off.']",/Users/minghe/llm4faas/experiments_repeat/repeat_functions_4o-mini/openai_gpt-4o-mini_energy_control_7_1737408901757256000.log,ZH
1737409212109192000,openai_gpt-4o-mini,energy_control,2,0.0,Error,,/Users/minghe/llm4faas/experiments_repeat/repeat_functions_4o-mini/openai_gpt-4o-mini_energy_control_2_1737409212109192000.log,ZH
1737410454003035000,openai_gpt-4o-mini,energy_control,3,0.0,Error,,/Users/minghe/llm4faas/experiments_repeat/repeat_functions_4o-mini/openai_gpt-4o-mini_energy_control_3_1737410454003035000.log,ZH
1737410338001344000,openai_gpt-4o-mini,energy_control,2,0.1667,Warning Exists,"['/Sensor/LightIntensive/LivingRoom/1 reading is || /Sensor/LightIntensive/Bedroom/1 reading is', '/Actuator/AC/Bedroom/1 || /Actuator/AC/LivingRoom/1', '/Actuator/Window/Bedroom/1 is turned off. || /Actuator/Window/LivingRoom/1 is turned off. || /Actuator/Window/LivingRoom/2 is turned off.', '/Actuator/Light/ || Set /Actuator/Light/', '/Actuator/SmartTV/LivingRoom/1 is turned off.']",/Users/minghe/llm4faas/experiments_repeat/repeat_functions_4o-mini/openai_gpt-4o-mini_energy_control_2_1737410338001344000.log,ZH
1737408165290589000,openai_gpt-4o-mini,energy_control,7,0.0,No Error & Warning,"['/Sensor/OutdoorTemperature/Balcony/1 reading is:', '/Actuator/AC/LivingRoom/1 || /Actuator/AC/Bedroom/1', '/Actuator/Door/LivingRoom/1 is turned off. || /Actuator/Door/Bedroom/1 is turned off. || /Actuator/Door/Kitchen/1 is turned off. || /Actuator/Door/Bathroom/1 is turned off. || /Actuator/Door/Balcony/1 is turned off.', '/Actuator/Window/LivingRoom/1 is turned off. || /Actuator/Window/LivingRoom/2 is turned off. || /Actuator/Window/Bedroom/1 is turned off. || /Actuator/Window/Kitchen/1 is turned off. || /Actuator/Window/Bathroom/1 is turned off.']",/Users/minghe/llm4faas/experiments_repeat/repeat_functions_4o-mini/openai_gpt-4o-mini_energy_control_7_1737408165290589000.log,ZH
1737407802076438000,openai_gpt-4o-mini,energy_control,7,0.0,Error,,/Users/minghe/llm4faas/experiments_repeat/repeat_functions_4o-mini/openai_gpt-4o-mini_energy_control_7_1737407802076438000.log,ZH
1737408468807246000,openai_gpt-4o-mini,energy_control,2,0.0,Error,,/Users/minghe/llm4faas/experiments_repeat/repeat_functions_4o-mini/openai_gpt-4o-mini_energy_control_2_1737408468807246000.log,ZH
1737410914296466000,openai_gpt-4o-mini,energy_control,3,0.0,Error,,/Users/minghe/llm4faas/experiments_repeat/repeat_functions_4o-mini/openai_gpt-4o-mini_energy_control_3_1737410914296466000.log,ZH
1737408584312143000,openai_gpt-4o-mini,energy_control,3,0.0,Error,,/Users/minghe/llm4faas/experiments_repeat/repeat_functions_4o-mini/openai_gpt-4o-mini_energy_control_3_1737408584312143000.log,ZH
1737407359387200000,openai_gpt-4o-mini,energy_control,2,0.8333,No Error & Warning,['/Actuator/Window/Bedroom/1 is turned off. || /Actuator/Window/LivingRoom/1 is turned off. || /Actuator/Window/LivingRoom/2 is turned off.'],/Users/minghe/llm4faas/experiments_repeat/repeat_functions_4o-mini/openai_gpt-4o-mini_energy_control_2_1737407359387200000.log,ZH
1737409710886303000,openai_gpt-4o-mini,energy_control,3,0.0,Error,,/Users/minghe/llm4faas/experiments_repeat/repeat_functions_4o-mini/openai_gpt-4o-mini_energy_control_3_1737409710886303000.log,ZH
1737410769602898000,openai_gpt-4o-mini,energy_control,7,0.75,No Error & Warning,['/Sensor/OutdoorTemperature/Balcony/1 reading is:'],/Users/minghe/llm4faas/experiments_repeat/repeat_functions_4o-mini/openai_gpt-4o-mini_energy_control_7_1737410769602898000.log,ZH
1737408223456473000,openai_gpt-4o-mini,energy_control,3,1.0,No Error & Warning,[],/Users/minghe/llm4faas/experiments_repeat/repeat_functions_4o-mini/openai_gpt-4o-mini_energy_control_3_1737408223456473000.log,ZH
1737409587597455000,openai_gpt-4o-mini,energy_control,2,0.8333,Timeout,['/Actuator/Window/Bedroom/1 is turned off. || /Actuator/Window/LivingRoom/1 is turned off. || /Actuator/Window/LivingRoom/2 is turned off.'],/Users/minghe/llm4faas/experiments_repeat/repeat_functions_4o-mini/openai_gpt-4o-mini_energy_control_2_1737409587597455000.log,ZH
1737408839651090000,openai_gpt-4o-mini,energy_control,2,0.0,Error,,/Users/minghe/llm4faas/experiments_repeat/repeat_functions_4o-mini/openai_gpt-4o-mini_energy_control_2_1737408839651090000.log,ZH
1737408526746965000,openai_gpt-4o-mini,energy_control,7,0.0,Error,,/Users/minghe/llm4faas/experiments_repeat/repeat_functions_4o-mini/openai_gpt-4o-mini_energy_control_7_1737408526746965000.log,ZH
